Iterations; Iterationswithoutimprovement; Evaluations; Value;caccC1; caccOmegaN; caccXi
1; 1; 4; 0.0897025;0.958502; 0.307834; 261.822
2; 0; 4; 0.0897025;0.958502; 0.307834; 261.822
2; 0; 8; 0.0897025;0.958502; 0.307834; 261.822
2; 0; 8; 0.0897025;0.958502; 0.307834; 261.822
